Title,Link,Description,Tags
Mediatek Dimensity 8100 Mobile Phones Price List 2022,https://www.smartprix.com/mobiles/mediatek-dimensity-8100-phones-list," of , powered by Mediatek , with price and specifications in India. Check out full specs, user reviews, ratings, and features ...","Xiaomi Redmi Note 11T Pro 5G,POCO X4 GT 5G,Xiaomi Redmi K50 5G"
List of Phones with Dimensity 8100 to Buy in 2022,https://www.dealntech.com/phones-dimensity-8100/,"Here is the , of , powered , · Redmi K50i · Oppo Reno 8 Pro (Global) · Redmi Note 11T Pro+ · Redmi Note 11T Pro · Oppo Reno 8 Pro+ · Vivo S15 Pro ...",
,,,
Smartphones with MediaTek Dimensity 8100 Max processor,https://www.kimovil.com/en/list-smartphones-by-processor/mediatek-dimensity-8100," of smartphones that works with MediaTek , Max processor inside. 53 smartphones. Add to compare stores to buy Oppo Reno9 Pro. Oppo Reno9 Pro.",
Mediatek Dimensity 8100 Mobile Phones (Dec 2022),https://www.91mobiles.com/list-of-phones/mediatek-dimensity-8100-phones," of , powered by Mediatek , with price and specifications. Check out the full specs, user reviews, ratings, and features of all ...",
MediaTek Dimensity 8100/8000 Phones: The Complete List,https://onsitego.com/blog/mediatek-dimensity-8100-8000-phones-list/," — , Of All , 8000/, · 1. OnePlus 10R (,) · 2. OnePlus Ace (,) · 3. OPPO K10 (, 8000).",
Mediatek Dimensity 8100 Mobile Phones (2022) - MySmartPrice,https://www.mysmartprice.com/mobile/pricelist/mediatek-dimensity-8100-phones-price-list-in-india.html," — ,Mediatek , (2022) · Sponsored. Infinix Zero 20. ₹ 15,999. See more prices. flipkart. ₹15,999 ❯. Infinix Zero 20.",
All MediaTek Dimensity 8100 Max Mobile Price & Specification,https://www.specsera.com/specs/mediatek-dimensity-8100-max-mobile-phones/,"Which , has MediaTek , Max? · Oppo Reno 8 Pro Plus · Oppo Reno 8 Pro · OnePlus 10R · OnePlus Ace ...",
mediatek dimensity 8100 (5 nm) all phones (list) - PhonesData,https://phonesdata.com/en/chipset/mediatek/dimensity-8100-(5-nm)/," of all smartphones with chipset MediaTek , (5 nm) ; Oppo Realme GT Neo 3 - Characteristics, specifications and features. Oppo Realme GT Neo 3.",
List of MediaTek Dimensity 8100 Mobile Phones in India,https://oyprice.com/mobile/pricelist/list-of-mediatek-dimensity-8100-mobile-phones-in-india," is a 5G-ready , chipset built on 5nm process technology, it is integrated with engaging features such as LPPDDR5 RAM, Wi-Fi 6, UFS 3.1, ...",
Mediatek Dimensity 8100 Mobile Phones (December 2022),https://pricebaba.com/mobile/pricelist/mediatek-dimensity-8100-phones,"Mediatek , (December 2022) · Top 10 mediatek , phones Price , · Xiaomi Redmi 10 Prime 2022 128GB · Realme realme 10 Pro ...",
,,,
,,,
,,,
